price,area,bedrooms,bathrooms,stories,mainroad,guestroom,basement,hotwaterheating,airconditioning,parking,prefarea,furnishingstatus
0.9999999999999999,0.39656357388316144,0.6000000000000001,0.33333333333333337,0.6666666666666667,1.0,0.0,0.0,0.0,1.0,0.6666666666666667,1.0000000000000002,0.0
0.909090909090909,0.5024054982817868,0.6000000000000001,1.0,1.0,1.0,0.0,0.0,0.0,1.0,1.0,0.0,0.0
0.909090909090909,0.5711340206185566,0.4,0.33333333333333337,0.33333333333333337,1.0,0.0,1.0,0.0,0.0,0.6666666666666667,1.0000000000000002,0.5
0.9060606060606059,0.402061855670103,0.6000000000000001,0.33333333333333337,0.33333333333333337,1.0,0.0,1.0,0.0,1.0,1.0,1.0000000000000002,0.0
0.8363636363636362,0.39656357388316144,0.6000000000000001,0.0,0.33333333333333337,1.0,1.0,1.0,0.0,1.0,0.6666666666666667,0.0,0.0
0.7878787878787876,0.402061855670103,0.4,0.6666666666666667,0.0,1.0,0.0,1.0,0.0,1.0,0.6666666666666667,1.0000000000000002,0.5
0.7272727272727271,0.4762886597938143,0.6000000000000001,0.6666666666666667,1.0,1.0,0.0,0.0,0.0,1.0,0.6666666666666667,1.0000000000000002,0.5
0.7272727272727271,0.9999999999999999,0.8,0.6666666666666667,0.33333333333333337,1.0,0.0,0.0,0.0,0.0,0.0,0.0,1.0
0.7030303030303029,0.4432989690721648,0.6000000000000001,0.0,0.33333333333333337,1.0,1.0,1.0,0.0,1.0,0.6666666666666667,1.0000000000000002,0.0
0.6969696969696968,0.28178694158075596,0.4,0.33333333333333337,1.0,1.0,1.0,0.0,0.0,1.0,0.3333333333333333,1.0000000000000002,1.0
0.6969696969696968,0.7938144329896905,0.4,0.0,0.33333333333333337,1.0,0.0,1.0,0.0,1.0,0.6666666666666667,1.0000000000000002,0.0
0.6866666666666665,0.2989690721649484,0.6000000000000001,0.6666666666666667,0.33333333333333337,1.0,1.0,1.0,1.0,0.0,0.6666666666666667,0.0,0.5
0.6545454545454543,0.33676975945017174,0.6000000000000001,0.33333333333333337,0.33333333333333337,1.0,0.0,0.0,0.0,1.0,0.3333333333333333,1.0000000000000002,0.5
0.6484848484848483,0.12714776632302405,0.6000000000000001,0.33333333333333337,0.33333333333333337,1.0,0.0,0.0,1.0,0.0,0.6666666666666667,0.0,0.0
0.6484848484848483,0.42268041237113396,0.4,0.33333333333333337,0.33333333333333337,1.0,0.0,0.0,0.0,0.0,0.0,1.0000000000000002,0.5
0.6363636363636362,0.2989690721649484,0.6000000000000001,0.0,0.33333333333333337,1.0,0.0,1.0,0.0,0.0,0.6666666666666667,0.0,0.5
0.6363636363636362,0.3402061855670102,0.6000000000000001,0.33333333333333337,0.33333333333333337,1.0,1.0,1.0,0.0,1.0,0.3333333333333333,1.0000000000000002,1.0
0.624242424242424,0.47079037800687273,0.4,0.33333333333333337,1.0,1.0,0.0,0.0,0.0,1.0,0.6666666666666667,0.0,0.0
0.618181818181818,0.20274914089347074,0.4,0.33333333333333337,0.33333333333333337,1.0,1.0,0.0,0.0,1.0,0.6666666666666667,0.0,0.0
0.615151515151515,0.3278350515463917,0.4,0.33333333333333337,0.33333333333333337,1.0,0.0,0.0,0.0,1.0,0.3333333333333333,1.0000000000000002,0.5
0.606060606060606,0.18350515463917522,0.4,0.0,0.33333333333333337,1.0,0.0,1.0,1.0,0.0,0.6666666666666667,0.0,0.5
0.5999999999999999,0.3783505154639174,0.4,0.33333333333333337,0.0,1.0,1.0,1.0,0.0,1.0,0.6666666666666667,0.0,1.0
0.5969696969696968,0.43986254295532634,0.4,0.0,0.0,1.0,1.0,1.0,0.0,1.0,0.3333333333333333,0.0,0.0
0.5969696969696968,0.19999999999999996,0.4,0.33333333333333337,0.33333333333333337,1.0,1.0,1.0,0.0,1.0,0.3333333333333333,0.0,0.0
0.5909090909090908,0.49140893470790364,0.4,0.33333333333333337,0.33333333333333337,1.0,0.0,0.0,0.0,1.0,0.6666666666666667,0.0,0.0
0.5878787878787877,0.33608247422680404,0.6000000000000001,0.33333333333333337,0.33333333333333337,1.0,1.0,1.0,0.0,1.0,0.6666666666666667,1.0000000000000002,0.0
0.5812121212121211,0.2989690721649484,0.4,0.33333333333333337,1.0,1.0,1.0,1.0,0.0,1.0,0.0,1.0000000000000002,0.5
0.5757575757575757,0.4965635738831614,0.4,0.0,0.0,1.0,0.0,0.0,0.0,0.0,0.3333333333333333,0.0,0.5
0.5757575757575757,0.4329896907216494,0.8,0.33333333333333337,0.33333333333333337,1.0,0.0,1.0,1.0,0.0,0.6666666666666667,0.0,1.0
0.5757575757575757,0.2646048109965635,0.6000000000000001,0.33333333333333337,0.33333333333333337,1.0,0.0,1.0,0.0,1.0,0.3333333333333333,1.0000000000000002,0.5
0.5757575757575757,0.40034364261168376,0.4,0.33333333333333337,1.0,1.0,0.0,0.0,0.0,1.0,0.6666666666666667,0.0,1.0
0.5757575757575757,0.36769759450171813,0.4,0.0,1.0,1.0,0.0,0.0,0.0,1.0,0.6666666666666667,0.0,0.5
0.5666666666666665,0.22199312714776628,0.6000000000000001,0.33333333333333337,0.33333333333333337,1.0,0.0,0.0,0.0,1.0,0.3333333333333333,1.0000000000000002,0.0
0.5575757575757574,0.2962199312714776,0.4,0.6666666666666667,0.33333333333333337,1.0,1.0,1.0,0.0,0.0,0.3333333333333333,0.0,1.0
0.5515151515151514,0.35670103092783495,0.8,0.0,0.33333333333333337,1.0,1.0,1.0,0.0,1.0,0.3333333333333333,0.0,0.0
0.5481333333333331,0.36769759450171813,0.4,0.33333333333333337,1.0,1.0,0.0,0.0,0.0,1.0,0.6666666666666667,0.0,0.0
0.5448484848484847,0.4008247422680411,0.4,0.33333333333333337,0.6666666666666667,1.0,0.0,0.0,1.0,0.0,0.3333333333333333,1.0000000000000002,0.0
0.5393939393939393,0.5051546391752576,0.6000000000000001,0.33333333333333337,1.0,1.0,0.0,0.0,0.0,1.0,0.6666666666666667,0.0,0.0
0.5378787878787877,0.2989690721649484,0.4,0.0,1.0,1.0,1.0,0.0,0.0,1.0,0.6666666666666667,0.0,1.0
0.5333333333333332,0.2989690721649484,0.6000000000000001,0.33333333333333337,1.0,1.0,0.0,0.0,0.0,1.0,0.3333333333333333,0.0,0.5
0.5303030303030303,0.33676975945017174,0.4,0.0,0.33333333333333337,1.0,0.0,1.0,0.0,1.0,0.0,1.0000000000000002,0.0
0.5272727272727271,0.32371134020618547,0.4,0.33333333333333337,1.0,1.0,0.0,0.0,0.0,1.0,0.0,1.0000000000000002,0.0
0.515151515151515,0.33195876288659787,0.4,0.33333333333333337,1.0,1.0,0.0,0.0,0.0,1.0,0.6666666666666667,0.0,1.0
0.515151515151515,0.2989690721649484,0.6000000000000001,0.33333333333333337,1.0,1.0,0.0,0.0,0.0,0.0,0.6666666666666667,0.0,0.5
0.5030303030303029,0.2989690721649484,0.6000000000000001,0.33333333333333337,1.0,1.0,0.0,0.0,0.0,1.0,0.3333333333333333,0.0,0.0
0.5030303030303029,0.2989690721649484,0.4,0.33333333333333337,0.6666666666666667,1.0,0.0,0.0,0.0,1.0,0.0,0.0,0.5
0.4999999999999999,0.2989690721649484,0.4,0.33333333333333337,1.0,1.0,0.0,0.0,0.0,1.0,0.3333333333333333,0.0,0.0
0.49696969696969684,0.3402061855670102,0.4,0.0,1.0,1.0,0.0,0.0,0.0,1.0,1.0,1.0000000000000002,0.0
0.49393939393939384,0.18213058419243983,0.4,0.33333333333333337,0.33333333333333337,1.0,0.0,1.0,0.0,0.0,0.3333333333333333,0.0,1.0
0.4909090909090908,0.3979381443298968,0.4,0.33333333333333337,0.0,1.0,1.0,1.0,0.0,1.0,0.0,1.0000000000000002,0.5
0.4909090909090908,0.3979381443298968,0.4,0.33333333333333337,1.0,1.0,0.0,0.0,0.0,0.0,0.3333333333333333,1.0000000000000002,1.0
0.4909090909090908,0.32130584192439854,0.4,0.0,1.0,1.0,0.0,0.0,0.0,1.0,0.3333333333333333,0.0,1.0
0.48484848484848475,0.2989690721649484,0.6000000000000001,0.33333333333333337,1.0,1.0,1.0,0.0,0.0,1.0,0.3333333333333333,0.0,0.0
0.48484848484848475,0.2405498281786941,0.4,0.33333333333333337,1.0,1.0,0.0,0.0,0.0,1.0,0.6666666666666667,0.0,0.5
0.48484848484848475,0.2989690721649484,0.4,0.33333333333333337,0.33333333333333337,1.0,1.0,0.0,0.0,1.0,0.3333333333333333,0.0,0.5
0.48484848484848475,0.2989690721649484,0.4,0.0,0.33333333333333337,1.0,0.0,0.0,0.0,1.0,0.3333333333333333,0.0,1.0
0.48424242424242414,0.6728522336769758,0.6000000000000001,0.0,0.33333333333333337,1.0,0.0,1.0,0.0,0.0,0.3333333333333333,1.0000000000000002,0.5
0.47575757575757566,0.5051546391752576,0.6000000000000001,0.33333333333333337,1.0,1.0,1.0,0.0,0.0,1.0,0.3333333333333333,1.0000000000000002,0.0
0.4727272727272726,0.4144329896907215,0.6000000000000001,0.33333333333333337,1.0,1.0,1.0,0.0,0.0,1.0,0.3333333333333333,0.0,0.5
0.4727272727272726,0.2989690721649484,0.4,0.33333333333333337,1.0,1.0,1.0,0.0,0.0,1.0,0.3333333333333333,0.0,0.0
0.46666666666666656,0.2989690721649484,0.4,0.33333333333333337,0.33333333333333337,1.0,1.0,0.0,0.0,0.0,0.3333333333333333,0.0,0.5
0.46060606060606046,0.49690721649484526,0.2,0.0,0.0,1.0,0.0,0.0,0.0,1.0,0.3333333333333333,0.0,0.5
0.46060606060606046,0.31546391752577313,0.6000000000000001,0.33333333333333337,0.33333333333333337,1.0,0.0,0.0,0.0,1.0,0.3333333333333333,0.0,0.0
0.4575757575757575,0.32371134020618547,0.6000000000000001,0.33333333333333337,0.6666666666666667,1.0,0.0,0.0,0.0,1.0,0.6666666666666667,1.0000000000000002,0.0
0.4545454545454544,0.6546391752577319,0.4,0.0,0.0,1.0,0.0,1.0,0.0,1.0,0.3333333333333333,1.0000000000000002,0.0
0.4484848484848484,0.49690721649484526,0.4,0.33333333333333337,0.33333333333333337,1.0,0.0,1.0,0.0,1.0,0.3333333333333333,0.0,0.0
0.4484848484848484,0.7938144329896905,0.2,0.0,0.0,1.0,0.0,1.0,1.0,0.0,0.3333333333333333,0.0,0.0
0.4454545454545453,0.41580756013745696,0.4,0.33333333333333337,0.0,1.0,0.0,0.0,0.0,0.0,0.6666666666666667,0.0,1.0
0.44242424242424233,0.2989690721649484,0.4,0.0,0.0,1.0,0.0,0.0,0.0,1.0,0.3333333333333333,0.0,0.0
0.4363636363636363,0.7175257731958761,0.6000000000000001,0.33333333333333337,0.33333333333333337,1.0,0.0,0.0,0.0,0.0,0.6666666666666667,1.0000000000000002,0.0
0.4363636363636363,0.16151202749140892,0.4,0.33333333333333337,0.33333333333333337,1.0,0.0,1.0,0.0,1.0,0.0,1.0000000000000002,0.5
0.43333333333333324,0.2989690721649484,0.6000000000000001,0.33333333333333337,1.0,1.0,0.0,0.0,0.0,1.0,0.0,0.0,1.0
0.4303030303030302,0.23161512027491404,0.4,0.0,1.0,1.0,0.0,0.0,0.0,1.0,0.0,1.0000000000000002,1.0
0.42727272727272714,0.3402061855670102,0.2,0.33333333333333337,1.0,1.0,0.0,1.0,0.0,0.0,0.0,1.0000000000000002,0.0
0.42424242424242414,0.1642611683848797,0.4,0.0,0.33333333333333337,1.0,0.0,1.0,1.0,0.0,0.3333333333333333,0.0,0.0
0.42424242424242414,0.17938144329896905,0.6000000000000001,0.33333333333333337,0.33333333333333337,1.0,0.0,0.0,1.0,0.0,0.0,0.0,0.5
0.42424242424242414,0.3278350515463917,0.4,0.33333333333333337,0.6666666666666667,1.0,0.0,0.0,0.0,1.0,0.0,1.0000000000000002,0.0
0.42424242424242414,0.33333333333333326,0.4,0.33333333333333337,0.6666666666666667,1.0,0.0,0.0,0.0,1.0,0.0,1.0000000000000002,0.0
0.42424242424242414,0.2783505154639175,0.4,0.0,0.0,1.0,1.0,1.0,0.0,1.0,0.6666666666666667,1.0000000000000002,0.0
0.42424242424242414,0.2989690721649484,0.4,0.33333333333333337,0.6666666666666667,1.0,1.0,0.0,0.0,1.0,0.0,0.0,0.0
0.4224242424242423,0.2989690721649484,0.4,0.0,0.33333333333333337,1.0,0.0,0.0,1.0,0.0,0.3333333333333333,1.0000000000000002,0.5
0.42121212121212115,0.16151202749140892,0.4,0.33333333333333337,0.33333333333333337,1.0,0.0,1.0,0.0,1.0,0.3333333333333333,0.0,0.5
0.42121212121212115,0.6082474226804122,0.4,0.33333333333333337,0.0,1.0,0.0,1.0,0.0,1.0,0.3333333333333333,1.0000000000000002,0.0
0.4181818181818181,0.2989690721649484,0.4,0.33333333333333337,1.0,1.0,0.0,0.0,0.0,1.0,0.0,0.0,0.5
0.412121212121212,0.14501718213058418,0.4,0.0,0.33333333333333337,1.0,0.0,0.0,1.0,0.0,0.6666666666666667,0.0,0.5
0.412121212121212,0.4536082474226803,0.4,0.33333333333333337,0.6666666666666667,1.0,0.0,0.0,0.0,1.0,0.0,0.0,0.0
0.412121212121212,0.3450171821305841,0.4,0.0,0.6666666666666667,1.0,0.0,1.0,0.0,0.0,0.0,1.0000000000000002,1.0
0.40909090909090895,0.1587628865979381,0.4,0.0,0.0,1.0,0.0,1.0,0.0,0.0,0.6666666666666667,0.0,0.5
0.40909090909090895,0.39587628865979374,0.4,0.0,0.0,1.0,1.0,1.0,0.0,1.0,0.6666666666666667,1.0000000000000002,1.0
0.406060606060606,0.4762886597938143,0.8,0.6666666666666667,0.33333333333333337,1.0,0.0,0.0,0.0,0.0,0.6666666666666667,0.0,0.0
0.406060606060606,0.23024054982817865,0.4,0.0,0.33333333333333337,1.0,0.0,0.0,0.0,1.0,0.0,0.0,0.5
0.4042424242424242,0.3505154639175257,0.2,0.0,0.0,1.0,1.0,1.0,0.0,0.0,0.6666666666666667,1.0000000000000002,0.0
0.40303030303030296,0.2164948453608247,0.4,0.33333333333333337,1.0,1.0,1.0,0.0,0.0,1.0,0.0,0.0,0.0
0.3939393939393938,0.3814432989690721,0.4,0.33333333333333337,0.0,1.0,0.0,1.0,0.0,1.0,1.0,0.0,0.5
0.3939393939393938,0.2989690721649484,0.6000000000000001,0.33333333333333337,1.0,1.0,0.0,0.0,0.0,0.0,0.3333333333333333,0.0,0.5
0.3939393939393938,0.16838487972508587,0.4,0.33333333333333337,0.6666666666666667,1.0,0.0,0.0,0.0,1.0,0.6666666666666667,0.0,0.5
0.3939393939393938,0.5051546391752576,0.4,0.0,0.0,1.0,0.0,1.0,0.0,0.0,0.3333333333333333,1.0000000000000002,0.0
0.3939393939393938,0.3264604810996563,0.4,0.0,0.0,1.0,1.0,1.0,0.0,1.0,0.3333333333333333,1.0000000000000002,0.5
0.39333333333333326,0.3402061855670102,0.4,0.33333333333333337,0.6666666666666667,1.0,0.0,0.0,0.0,1.0,0.0,1.0000000000000002,1.0
0.3909090909090908,0.2989690721649484,0.6000000000000001,0.0,0.6666666666666667,1.0,1.0,1.0,0.0,0.0,0.0,1.0000000000000002,1.0
0.3878787878787878,0.3402061855670102,0.4,0.33333333333333337,0.0,1.0,0.0,1.0,0.0,1.0,0.0,1.0000000000000002,1.0
0.3878787878787878,0.2646048109965635,0.4,0.0,0.6666666666666667,1.0,0.0,0.0,0.0,0.0,0.3333333333333333,1.0000000000000002,1.0
0.3848484848484848,0.2646048109965635,0.4,0.33333333333333337,1.0,1.0,1.0,0.0,0.0,1.0,0.3333333333333333,0.0,0.5
0.3848484848484848,0.3230240549828178,0.4,0.33333333333333337,0.6666666666666667,1.0,1.0,0.0,0.0,1.0,0.0,0.0,0.0
0.3848484848484848,0.2646048109965635,0.4,0.33333333333333337,0.0,1.0,1.0,1.0,0.0,0.0,0.6666666666666667,1.0000000000000002,0.0
0.3818181818181817,0.19587628865979378,0.4,0.0,1.0,1.0,0.0,0.0,0.0,1.0,0.0,0.0,1.0
0.3818181818181817,0.26116838487972505,0.6000000000000001,0.33333333333333337,0.0,1.0,0.0,1.0,0.0,1.0,0.0,1.0000000000000002,0.5
0.3787878787878787,0.3278350515463917,0.4,0.0,0.6666666666666667,1.0,0.0,1.0,0.0,0.0,0.0,1.0000000000000002,1.0
0.3772727272727272,0.10927835051546389,0.6000000000000001,0.0,0.6666666666666667,1.0,0.0,0.0,0.0,0.0,0.3333333333333333,0.0,0.5
0.3757575757575757,0.34123711340206175,0.6000000000000001,0.33333333333333337,0.33333333333333337,1.0,1.0,0.0,1.0,0.0,0.3333333333333333,0.0,0.5
0.3757575757575757,0.3402061855670102,0.4,0.0,0.0,1.0,1.0,1.0,0.0,0.0,0.6666666666666667,1.0000000000000002,0.5
0.3757575757575757,0.4619931271477662,0.4,0.0,0.6666666666666667,1.0,0.0,0.0,0.0,1.0,0.6666666666666667,0.0,1.0
0.37515151515151507,0.18213058419243983,1.0,0.33333333333333337,0.33333333333333337,1.0,0.0,0.0,0.0,0.0,0.0,0.0,0.0
0.37515151515151507,0.5477663230240548,0.4,0.0,0.0,1.0,0.0,1.0,0.0,0.0,0.6666666666666667,1.0000000000000002,0.0
0.36969696969696964,0.35395189003436417,0.2,0.0,0.0,1.0,1.0,1.0,0.0,0.0,0.6666666666666667,0.0,0.0
0.36969696969696964,0.43642611683848787,0.4,0.0,0.0,1.0,1.0,1.0,0.0,1.0,0.6666666666666667,1.0000000000000002,0.5
0.36969696969696964,0.3608247422680412,0.4,0.33333333333333337,0.0,1.0,1.0,1.0,0.0,0.0,0.0,1.0000000000000002,1.0
0.36363636363636354,0.14089347079037798,0.6000000000000001,0.0,0.33333333333333337,1.0,1.0,0.0,0.0,1.0,0.0,0.0,0.0
0.36363636363636354,0.3278350515463917,0.4,0.0,0.0,1.0,0.0,1.0,0.0,1.0,0.0,1.0000000000000002,0.0
0.36363636363636354,0.3690721649484535,0.4,0.0,0.0,1.0,0.0,1.0,0.0,1.0,0.6666666666666667,1.0000000000000002,0.5
0.36363636363636354,0.33608247422680404,0.4,0.0,0.0,1.0,1.0,1.0,0.0,0.0,0.6666666666666667,1.0000000000000002,0.0
0.36363636363636354,0.383573883161512,0.4,0.0,0.33333333333333337,1.0,1.0,1.0,0.0,1.0,0.0,1.0000000000000002,0.5
0.36363636363636354,0.3164261168384879,0.6000000000000001,0.33333333333333337,0.0,1.0,0.0,1.0,0.0,0.0,0.3333333333333333,1.0000000000000002,0.5
0.36363636363636354,0.3896907216494845,0.6000000000000001,0.33333333333333337,0.33333333333333337,1.0,0.0,0.0,0.0,0.0,0.0,0.0,0.0
0.36363636363636354,0.3350515463917525,0.4,0.33333333333333337,1.0,1.0,0.0,0.0,0.0,0.0,0.3333333333333333,0.0,0.0
0.3630303030303029,0.9587628865979381,0.4,0.0,0.0,1.0,0.0,0.0,0.0,1.0,0.6666666666666667,0.0,0.5
0.3575757575757575,0.37869415807560125,0.4,0.0,0.0,1.0,0.0,1.0,0.0,0.0,0.6666666666666667,1.0000000000000002,1.0
0.3575757575757575,0.33333333333333326,0.4,0.33333333333333337,0.6666666666666667,1.0,0.0,0.0,0.0,1.0,0.0,0.0,1.0
0.3569696969696969,0.2646048109965635,0.4,0.0,0.6666666666666667,1.0,1.0,0.0,0.0,1.0,0.3333333333333333,0.0,0.0
0.3569696969696969,0.6742268041237112,0.4,0.0,0.6666666666666667,1.0,0.0,0.0,0.0,0.0,0.6666666666666667,1.0000000000000002,0.5
0.35636363636363627,0.2164948453608247,0.4,0.0,0.0,1.0,1.0,1.0,0.0,0.0,0.0,0.0,1.0
0.35151515151515145,0.28714776632302397,0.6000000000000001,0.0,1.0,1.0,1.0,0.0,0.0,0.0,0.0,0.0,0.5
0.35151515151515145,0.24398625429553258,0.4,0.0,0.6666666666666667,1.0,0.0,0.0,0.0,1.0,0.0,0.0,0.5
0.35151515151515145,0.2164948453608247,0.4,0.0,0.6666666666666667,1.0,0.0,0.0,0.0,1.0,0.0,0.0,1.0
0.35090909090909084,0.36769759450171813,0.4,0.0,0.0,1.0,0.0,1.0,0.0,0.0,0.6666666666666667,1.0000000000000002,0.5
0.3484848484848484,0.2989690721649484,0.4,0.33333333333333337,1.0,1.0,0.0,0.0,0.0,1.0,0.0,0.0,1.0
0.34545454545454535,0.2577319587628865,0.6000000000000001,0.33333333333333337,0.33333333333333337,1.0,0.0,0.0,0.0,1.0,0.6666666666666667,0.0,1.0
0.34545454545454535,0.20549828178694154,0.6000000000000001,0.0,0.33333333333333337,1.0,0.0,0.0,0.0,0.0,0.3333333333333333,0.0,0.5
0.34545454545454535,0.23024054982817865,0.4,0.0,0.6666666666666667,1.0,0.0,0.0,0.0,1.0,0.0,0.0,0.5
0.34545454545454535,0.32371134020618547,0.4,0.0,0.0,1.0,1.0,1.0,0.0,1.0,0.6666666666666667,1.0000000000000002,0.0
0.34545454545454535,0.28522336769759443,0.4,0.33333333333333337,1.0,1.0,0.0,0.0,0.0,1.0,0.0,0.0,1.0
0.3378787878787878,0.3443298969072164,0.6000000000000001,0.33333333333333337,0.33333333333333337,1.0,1.0,1.0,0.0,0.0,0.3333333333333333,1.0000000000000002,0.5
0.33333333333333326,0.6082474226804122,0.6000000000000001,0.33333333333333337,0.33333333333333337,1.0,0.0,0.0,0.0,0.0,0.3333333333333333,0.0,0.5
0.33333333333333326,0.2164948453608247,0.8,0.33333333333333337,0.6666666666666667,0.0,0.0,1.0,1.0,0.0,0.0,0.0,1.0
0.33333333333333326,0.20962199312714772,0.6000000000000001,0.0,0.33333333333333337,1.0,1.0,1.0,0.0,1.0,0.3333333333333333,0.0,0.0
0.33333333333333326,0.23024054982817865,0.4,0.0,1.0,1.0,0.0,0.0,0.0,0.0,0.0,0.0,0.0
0.33333333333333326,0.6082474226804122,0.2,0.0,0.0,1.0,0.0,0.0,0.0,0.0,0.3333333333333333,0.0,0.5
0.33333333333333326,0.2646048109965635,0.4,0.33333333333333337,0.33333333333333337,1.0,0.0,0.0,0.0,0.0,0.3333333333333333,0.0,0.5
0.33333333333333326,0.32371134020618547,0.4,0.0,0.6666666666666667,1.0,0.0,0.0,0.0,0.0,0.0,1.0000000000000002,0.5
0.33333333333333326,0.3402061855670102,0.6000000000000001,0.33333333333333337,0.0,1.0,0.0,1.0,0.0,0.0,0.0,1.0000000000000002,0.5
0.33333333333333326,0.23958762886597934,0.4,0.0,0.33333333333333337,1.0,1.0,1.0,0.0,1.0,0.0,1.0000000000000002,1.0
0.3303030303030302,0.1890034364261168,0.6000000000000001,0.0,0.33333333333333337,1.0,0.0,0.0,0.0,1.0,0.6666666666666667,1.0000000000000002,0.5
0.3303030303030302,0.2577319587628865,0.8,0.0,0.33333333333333337,1.0,1.0,1.0,0.0,1.0,0.0,1.0000000000000002,0.0
0.3272727272727272,0.11340206185567009,0.4,0.6666666666666667,0.33333333333333337,1.0,0.0,1.0,0.0,0.0,0.0,0.0,0.5
0.3272727272727272,0.13745704467353947,0.4,0.33333333333333337,0.33333333333333337,1.0,0.0,0.0,0.0,0.0,0.6666666666666667,0.0,0.5
0.3272727272727272,0.30584192439862534,0.4,0.33333333333333337,0.0,1.0,0.0,1.0,0.0,0.0,0.6666666666666667,1.0000000000000002,0.0
0.3266666666666666,0.3608247422680412,0.4,0.0,0.0,1.0,1.0,1.0,0.0,0.0,0.0,1.0000000000000002,0.5
0.32424242424242417,0.08020618556701029,0.6000000000000001,0.33333333333333337,0.33333333333333337,0.0,1.0,1.0,0.0,0.0,0.3333333333333333,0.0,0.0
0.32424242424242417,0.4350515463917525,0.4,0.0,0.0,1.0,0.0,0.0,0.0,0.0,0.6666666666666667,0.0,0.5
0.3212121212121211,0.10309278350515463,0.4,0.33333333333333337,0.0,1.0,1.0,1.0,0.0,1.0,0.0,0.0,0.0
0.3212121212121211,0.31340206185567004,0.6000000000000001,0.0,1.0,1.0,1.0,0.0,0.0,1.0,0.0,0.0,0.0
0.3212121212121211,0.30584192439862534,0.4,0.0,0.6666666666666667,1.0,1.0,0.0,0.0,1.0,0.0,1.0000000000000002,0.5
0.3212121212121211,0.3402061855670102,0.6000000000000001,0.33333333333333337,0.33333333333333337,1.0,1.0,1.0,0.0,0.0,0.0,1.0000000000000002,0.5
0.3181818181818181,0.3556701030927834,0.4,0.0,0.0,1.0,1.0,1.0,0.0,1.0,0.0,1.0000000000000002,0.5
0.31515151515151507,0.3477663230240549,0.4,0.33333333333333337,0.33333333333333337,1.0,1.0,1.0,0.0,0.0,0.3333333333333333,1.0000000000000002,0.0
0.31454545454545446,0.3298969072164948,0.4,0.33333333333333337,0.0,1.0,1.0,1.0,1.0,0.0,0.0,0.0,1.0
0.309090909090909,0.42268041237113396,0.4,0.0,0.0,1.0,0.0,1.0,0.0,1.0,0.6666666666666667,1.0000000000000002,1.0
0.306060606060606,0.20274914089347074,0.2,0.33333333333333337,0.0,1.0,0.0,0.0,0.0,1.0,0.6666666666666667,0.0,0.5
0.303030303030303,0.17938144329896905,0.6000000000000001,0.0,0.33333333333333337,1.0,0.0,1.0,0.0,1.0,0.0,0.0,0.0
0.303030303030303,0.33608247422680404,0.6000000000000001,0.33333333333333337,0.33333333333333337,0.0,0.0,0.0,0.0,1.0,0.0,0.0,0.5
0.303030303030303,0.2646048109965635,0.4,0.33333333333333337,0.0,1.0,0.0,1.0,0.0,0.0,0.0,0.0,0.5
0.303030303030303,0.5923711340206184,0.4,0.0,0.0,1.0,0.0,0.0,0.0,0.0,0.3333333333333333,1.0000000000000002,0.5
0.303030303030303,0.4639175257731958,0.4,0.0,0.33333333333333337,1.0,1.0,1.0,0.0,1.0,0.6666666666666667,1.0000000000000002,1.0
0.303030303030303,0.25085910652920956,0.6000000000000001,0.33333333333333337,0.0,1.0,0.0,0.0,0.0,1.0,0.0,1.0000000000000002,1.0
0.303030303030303,0.14776632302405496,0.4,0.0,0.33333333333333337,1.0,1.0,1.0,0.0,0.0,0.3333333333333333,1.0000000000000002,1.0
0.303030303030303,0.5601374570446733,0.6000000000000001,0.33333333333333337,0.33333333333333337,1.0,1.0,0.0,0.0,0.0,0.6666666666666667,0.0,0.5
0.303030303030303,0.4721649484536081,0.4,0.0,0.0,1.0,0.0,0.0,0.0,1.0,0.6666666666666667,0.0,0.0
0.3024242424242424,0.30240549828178687,0.4,0.0,0.0,1.0,0.0,1.0,0.0,0.0,0.0,1.0000000000000002,0.5
0.30121212121212115,0.37353951890034354,0.4,0.0,0.0,1.0,1.0,1.0,0.0,0.0,0.6666666666666667,1.0000000000000002,0.5
0.29999999999999993,0.10515463917525772,0.4,0.33333333333333337,0.33333333333333337,1.0,0.0,0.0,0.0,0.0,0.6666666666666667,0.0,0.5
0.29999999999999993,0.19587628865979378,0.6000000000000001,0.33333333333333337,0.0,0.0,0.0,1.0,0.0,1.0,0.6666666666666667,0.0,0.5
0.29999999999999993,0.3814432989690721,0.4,0.0,0.33333333333333337,1.0,1.0,1.0,0.0,0.0,0.3333333333333333,1.0000000000000002,0.0
0.2939393939393939,0.12096219931271475,0.4,0.0,0.33333333333333337,0.0,0.0,0.0,0.0,1.0,0.0,0.0,0.5
0.2939393939393939,0.4350515463917525,0.4,0.0,0.0,1.0,0.0,0.0,0.0,0.0,0.3333333333333333,1.0000000000000002,0.5
0.29090909090909084,0.09278350515463915,0.4,0.33333333333333337,0.33333333333333337,1.0,1.0,1.0,0.0,0.0,0.0,0.0,0.0
0.29090909090909084,0.09278350515463915,0.4,0.0,0.33333333333333337,1.0,0.0,1.0,0.0,0.0,0.0,0.0,1.0
0.29090909090909084,0.6707903780068727,0.2,0.0,0.33333333333333337,1.0,0.0,0.0,0.0,0.0,0.0,1.0000000000000002,0.0
0.29090909090909084,0.30584192439862534,0.4,0.0,0.0,1.0,0.0,1.0,0.0,1.0,0.0,1.0000000000000002,0.5
0.2878787878787878,0.27972508591065287,0.2,0.0,0.33333333333333337,1.0,0.0,0.0,0.0,1.0,0.0,1.0000000000000002,1.0
0.2848484848484848,0.12989690721649483,0.2,0.0,0.0,0.0,1.0,1.0,0.0,0.0,0.0,0.0,0.5
0.2848484848484848,0.40893470790377995,0.6000000000000001,0.0,0.33333333333333337,1.0,0.0,0.0,0.0,1.0,0.6666666666666667,0.0,0.0
0.2848484848484848,0.6219931271477661,0.4,0.0,0.33333333333333337,1.0,1.0,1.0,0.0,0.0,0.0,0.0,0.5
0.2848484848484848,0.3402061855670102,0.4,0.0,0.0,1.0,1.0,1.0,0.0,0.0,0.0,1.0000000000000002,0.0
0.2842424242424242,0.2164948453608247,0.2,0.0,0.0,1.0,1.0,1.0,0.0,0.0,0.0,0.0,0.5
0.28181818181818175,0.4467353951890033,0.4,0.33333333333333337,0.0,1.0,1.0,1.0,0.0,0.0,0.0,0.0,0.5
0.2787878787878787,0.1896907216494845,0.6000000000000001,0.6666666666666667,0.33333333333333337,1.0,0.0,1.0,0.0,0.0,0.6666666666666667,0.0,0.5
0.2787878787878787,0.4148453608247422,0.4,0.0,0.0,1.0,1.0,1.0,1.0,0.0,0.0,0.0,0.5
0.27757575757575753,0.07903780068728519,0.4,0.33333333333333337,0.33333333333333337,0.0,0.0,1.0,0.0,1.0,0.3333333333333333,0.0,0.5
0.2757575757575757,0.29539518900343636,0.4,0.0,0.33333333333333337,1.0,0.0,0.0,0.0,1.0,0.0,0.0,0.5
0.27333333333333326,0.17525773195876285,0.4,0.0,0.33333333333333337,1.0,0.0,0.0,0.0,0.0,0.3333333333333333,0.0,0.0
0.27272727272727265,0.19725085910652917,0.4,0.0,0.33333333333333337,1.0,0.0,1.0,0.0,1.0,0.0,0.0,0.5
0.27272727272727265,0.16804123711340202,0.4,0.0,0.33333333333333337,0.0,1.0,1.0,0.0,1.0,0.0,0.0,0.5
0.27272727272727265,0.16975945017182126,0.2,0.0,0.0,1.0,0.0,1.0,0.0,0.0,0.3333333333333333,0.0,0.5
0.27272727272727265,0.2577319587628865,0.6000000000000001,0.0,0.33333333333333337,1.0,0.0,0.0,0.0,0.0,0.0,0.0,0.5
0.27272727272727265,0.2144329896907216,0.4,0.0,0.0,1.0,1.0,1.0,0.0,0.0,0.0,0.0,0.5
0.27272727272727265,0.3195876288659793,0.4,0.0,0.0,1.0,0.0,0.0,0.0,1.0,0.6666666666666667,0.0,0.5
0.27272727272727265,0.28522336769759443,0.2,0.0,0.0,1.0,1.0,1.0,0.0,1.0,0.0,0.0,0.5
0.27272727272727265,0.09278350515463915,0.4,0.0,0.33333333333333337,1.0,0.0,1.0,0.0,1.0,0.0,0.0,0.5
0.27272727272727265,0.09072164948453607,0.4,0.0,0.6666666666666667,1.0,0.0,0.0,0.0,0.0,0.0,0.0,0.5
0.27272727272727265,0.3484536082474226,0.4,0.0,0.0,1.0,0.0,0.0,0.0,0.0,0.0,0.0,1.0
0.27272727272727265,0.20591065292096217,0.4,0.0,0.33333333333333337,1.0,1.0,1.0,0.0,0.0,0.6666666666666667,0.0,0.5
0.27272727272727265,0.7731958762886596,0.4,0.0,0.0,1.0,0.0,0.0,0.0,0.0,0.6666666666666667,0.0,0.0
0.27212121212121204,0.12164948453608244,0.6000000000000001,0.33333333333333337,0.33333333333333337,1.0,0.0,1.0,0.0,1.0,0.6666666666666667,0.0,0.5
0.27212121212121204,0.2298969072164948,0.6000000000000001,0.33333333333333337,0.0,1.0,0.0,1.0,0.0,0.0,0.0,0.0,0.5
0.26969696969696966,0.1855670103092783,0.2,0.0,0.0,1.0,0.0,1.0,0.0,0.0,0.0,0.0,1.0
0.2666666666666666,0.17250859106529207,0.4,0.0,0.6666666666666667,1.0,0.0,0.0,0.0,0.0,0.0,0.0,1.0
0.2666666666666666,0.30171821305841917,0.4,0.0,0.0,1.0,0.0,0.0,0.0,0.0,0.6666666666666667,1.0000000000000002,0.5
0.2666666666666666,0.3582130584192439,0.4,0.0,0.33333333333333337,1.0,0.0,0.0,0.0,1.0,0.6666666666666667,1.0000000000000002,0.0
0.2666666666666666,0.21752577319587624,0.2,0.0,0.0,1.0,0.0,0.0,0.0,1.0,0.0,1.0000000000000002,0.5
0.26363636363636356,0.36769759450171813,0.4,0.0,0.33333333333333337,1.0,0.0,1.0,0.0,0.0,0.0,0.0,1.0
0.26363636363636356,0.4432989690721648,0.6000000000000001,0.0,1.0,1.0,0.0,1.0,0.0,1.0,0.6666666666666667,0.0,0.5
0.2612121212121212,0.12164948453608244,0.6000000000000001,0.33333333333333337,0.33333333333333337,1.0,0.0,0.0,0.0,0.0,0.0,0.0,0.5
0.26060606060606056,0.5165635738831613,0.2,0.0,0.0,1.0,0.0,1.0,0.0,1.0,0.6666666666666667,0.0,0.5
0.26060606060606056,0.3210309278350515,0.4,0.0,0.33333333333333337,1.0,0.0,1.0,0.0,1.0,0.3333333333333333,0.0,0.0
0.26060606060606056,0.5903780068728521,0.2,0.0,0.0,1.0,0.0,0.0,0.0,1.0,0.6666666666666667,1.0000000000000002,1.0
0.25999999999999995,0.3292096219931271,0.2,0.0,0.0,1.0,0.0,0.0,0.0,1.0,1.0,0.0,0.5
0.25454545454545446,0.2419243986254295,0.4,0.0,1.0,1.0,0.0,0.0,0.0,1.0,0.0,0.0,0.5
0.25454545454545446,0.2989690721649484,0.2,0.0,0.0,1.0,0.0,1.0,0.0,1.0,0.3333333333333333,0.0,0.0
0.25454545454545446,0.13608247422680408,0.4,0.0,0.33333333333333337,1.0,0.0,0.0,0.0,0.0,0.6666666666666667,0.0,0.5
0.25454545454545446,0.550996563573883,0.6000000000000001,0.33333333333333337,0.33333333333333337,1.0,1.0,1.0,0.0,0.0,0.3333333333333333,0.0,0.5
0.25454545454545446,0.2577319587628865,0.2,0.0,0.33333333333333337,1.0,0.0,0.0,0.0,0.0,0.0,1.0000000000000002,0.5
0.25454545454545446,0.18350515463917522,0.4,0.0,0.0,1.0,0.0,0.0,0.0,0.0,0.0,1.0000000000000002,0.5
0.25151515151515147,0.14398625429553263,0.4,0.0,0.33333333333333337,1.0,0.0,1.0,0.0,0.0,0.0,0.0,0.0
0.24848484848484842,0.17250859106529207,0.4,0.0,0.0,1.0,1.0,1.0,0.0,1.0,0.0,0.0,1.0
0.24848484848484842,0.15326460481099652,0.4,0.33333333333333337,0.33333333333333337,1.0,0.0,1.0,0.0,0.0,0.6666666666666667,0.0,0.5
0.24848484848484842,0.2769759450171821,0.4,0.0,0.33333333333333337,1.0,1.0,0.0,0.0,1.0,0.3333333333333333,0.0,0.5
0.24848484848484842,0.08384879725085911,0.2,0.0,0.33333333333333337,1.0,1.0,1.0,0.0,0.0,0.0,1.0000000000000002,0.5
0.24848484848484842,0.23092783505154635,0.4,0.0,0.33333333333333337,1.0,0.0,1.0,0.0,0.0,0.0,0.0,0.5
0.2478787878787878,0.19656357388316148,0.6000000000000001,0.33333333333333337,0.33333333333333337,1.0,0.0,1.0,0.0,0.0,0.0,0.0,0.5
0.2454545454545454,0.16151202749140892,0.4,0.0,0.33333333333333337,1.0,0.0,0.0,0.0,0.0,0.3333333333333333,0.0,0.0
0.2454545454545454,0.15051546391752574,0.4,0.0,0.33333333333333337,1.0,0.0,0.0,0.0,0.0,0.3333333333333333,1.0000000000000002,0.5
0.24242424242424238,0.14501718213058418,0.4,0.0,0.0,1.0,0.0,0.0,0.0,0.0,0.6666666666666667,0.0,0.5
0.24242424242424238,0.1367697594501718,0.4,0.0,0.33333333333333337,1.0,0.0,0.0,0.0,1.0,0.0,0.0,0.0
0.24242424242424238,0.061855670103092786,0.4,0.0,0.33333333333333337,1.0,0.0,1.0,0.0,0.0,0.0,0.0,0.0
0.24242424242424238,0.25223367697594495,0.4,0.0,0.33333333333333337,1.0,1.0,1.0,0.0,0.0,0.0,1.0000000000000002,0.5
0.24242424242424238,0.25498281786941573,0.4,0.0,0.33333333333333337,1.0,0.0,0.0,0.0,0.0,0.6666666666666667,1.0000000000000002,1.0
0.24242424242424238,0.12852233676975944,0.4,0.0,0.0,1.0,0.0,0.0,0.0,0.0,0.0,1.0000000000000002,0.5
0.24242424242424238,0.4639175257731958,0.6000000000000001,0.0,1.0,1.0,0.0,0.0,0.0,0.0,1.0,0.0,1.0
0.24181818181818177,0.16838487972508587,0.2,0.33333333333333337,0.0,1.0,1.0,1.0,0.0,0.0,0.0,0.0,0.5
0.24181818181818177,0.22955326460481096,0.6000000000000001,0.33333333333333337,0.33333333333333337,1.0,1.0,1.0,0.0,0.0,0.0,1.0000000000000002,0.0
0.23939393939393933,0.12783505154639174,0.4,0.0,0.6666666666666667,1.0,0.0,0.0,0.0,0.0,0.0,0.0,0.5
0.23939393939393933,0.12371134020618554,0.4,0.0,0.33333333333333337,1.0,0.0,1.0,0.0,0.0,0.3333333333333333,0.0,0.5
0.23939393939393933,0.5642611683848796,0.4,0.0,0.0,1.0,0.0,0.0,0.0,0.0,0.0,0.0,0.5
0.23939393939393933,0.12852233676975944,0.2,0.0,0.33333333333333337,1.0,0.0,0.0,0.0,0.0,0.0,1.0000000000000002,0.0
0.2363636363636363,0.19656357388316148,0.6000000000000001,0.0,0.33333333333333337,1.0,0.0,0.0,0.0,1.0,0.6666666666666667,0.0,0.5
0.2363636363636363,0.29106529209621984,0.2,0.0,0.0,1.0,0.0,0.0,0.0,1.0,0.3333333333333333,0.0,1.0
0.2363636363636363,0.16151202749140892,0.4,0.0,0.33333333333333337,1.0,0.0,0.0,0.0,0.0,0.6666666666666667,0.0,0.0
0.2363636363636363,0.4536082474226803,0.4,0.0,0.0,1.0,0.0,0.0,0.0,0.0,0.0,0.0,0.0
0.2363636363636363,0.1642611683848797,0.4,0.0,0.33333333333333337,1.0,0.0,0.0,0.0,0.0,0.3333333333333333,0.0,0.5
0.2357575757575757,0.32371134020618547,0.2,0.0,0.0,1.0,0.0,1.0,0.0,1.0,0.3333333333333333,0.0,0.0
0.2357575757575757,0.10391752577319585,0.4,0.0,0.33333333333333337,1.0,0.0,0.0,0.0,1.0,0.3333333333333333,0.0,0.0
0.2357575757575757,0.12783505154639174,0.4,0.0,0.33333333333333337,1.0,0.0,0.0,0.0,0.0,0.0,0.0,0.5
0.23333333333333328,0.14432989690721648,0.2,0.0,0.0,1.0,1.0,1.0,0.0,0.0,0.0,0.0,0.5
0.23030303030303026,0.15931271477663228,0.4,0.0,0.33333333333333337,0.0,0.0,0.0,0.0,0.0,0.0,0.0,0.5
0.23030303030303026,0.22336769759450167,0.2,0.0,0.33333333333333337,1.0,0.0,1.0,0.0,0.0,0.0,0.0,0.5
0.22969696969696965,0.08453608247422678,0.4,0.0,0.33333333333333337,1.0,0.0,0.0,0.0,0.0,0.0,1.0000000000000002,0.5
0.22969696969696965,0.22199312714776628,0.4,0.0,0.0,1.0,0.0,0.0,0.0,0.0,0.6666666666666667,1.0000000000000002,1.0
0.22969696969696965,0.22474226804123706,0.4,0.0,0.33333333333333337,1.0,0.0,0.0,0.0,0.0,0.3333333333333333,0.0,0.5
0.22787878787878782,0.22680412371134015,0.6000000000000001,0.0,0.33333333333333337,1.0,0.0,0.0,0.0,1.0,0.0,0.0,0.5
0.2272727272727272,0.15463917525773194,0.4,0.0,0.33333333333333337,1.0,0.0,0.0,0.0,0.0,0.0,0.0,1.0
0.2242424242424242,0.19587628865979378,0.4,0.33333333333333337,0.6666666666666667,1.0,0.0,0.0,1.0,0.0,0.3333333333333333,0.0,0.0
0.2242424242424242,0.01752577319587631,0.8,0.0,0.33333333333333337,0.0,0.0,1.0,0.0,0.0,0.0,0.0,0.5
0.2242424242424242,0.16666666666666663,0.4,0.0,0.0,1.0,1.0,1.0,0.0,0.0,0.6666666666666667,0.0,0.5
0.2242424242424242,0.12714776632302405,0.6000000000000001,0.0,0.33333333333333337,1.0,0.0,0.0,0.0,0.0,0.6666666666666667,0.0,0.0
0.2242424242424242,0.3298969072164948,0.6000000000000001,0.0,0.33333333333333337,1.0,0.0,0.0,0.0,0.0,0.0,0.0,0.5
0.22242424242424236,0.16371134020618555,0.2,0.0,0.0,1.0,0.0,1.0,0.0,0.0,0.0,0.0,0.0
0.22121212121212117,0.1890034364261168,0.2,0.0,0.0,1.0,0.0,0.0,0.0,0.0,0.3333333333333333,0.0,0.5
0.22121212121212117,0.5986254295532645,0.2,0.0,0.0,1.0,0.0,0.0,0.0,0.0,0.3333333333333333,1.0000000000000002,0.5
0.21878787878787873,0.12027491408934707,0.4,0.0,0.33333333333333337,1.0,0.0,1.0,0.0,0.0,0.6666666666666667,1.0000000000000002,0.5
0.21818181818181814,0.32371134020618547,0.2,0.0,0.0,1.0,0.0,0.0,0.0,0.0,0.0,0.0,0.0
0.21818181818181814,0.32371134020618547,0.2,0.0,0.33333333333333337,1.0,0.0,0.0,0.0,0.0,0.0,0.0,1.0
0.21818181818181814,0.19587628865979378,0.2,0.0,0.0,1.0,0.0,0.0,0.0,1.0,0.6666666666666667,0.0,0.0
0.21818181818181814,0.03608247422680411,0.4,0.0,0.33333333333333337,0.0,1.0,1.0,0.0,1.0,0.0,0.0,1.0
0.21818181818181814,0.186254295532646,0.6000000000000001,0.0,0.33333333333333337,1.0,0.0,0.0,0.0,0.0,0.0,0.0,0.0
0.21818181818181814,0.4206185567010308,0.2,0.0,0.0,1.0,0.0,0.0,0.0,0.0,0.3333333333333333,0.0,0.0
0.2151515151515151,0.3436426116838487,0.4,0.0,0.33333333333333337,1.0,1.0,0.0,0.0,0.0,0.0,0.0,0.5
0.2151515151515151,0.0781443298969072,0.4,0.0,0.0,1.0,0.0,1.0,0.0,0.0,0.0,1.0000000000000002,0.0
0.21212121212121207,0.2646048109965635,0.4,0.0,0.33333333333333337,1.0,0.0,0.0,0.0,1.0,0.0,0.0,1.0
0.21212121212121207,0.23298969072164943,0.4,0.0,0.33333333333333337,1.0,0.0,1.0,0.0,1.0,0.0,0.0,1.0
0.21212121212121207,0.2886597938144329,0.2,0.0,0.0,1.0,1.0,1.0,0.0,0.0,0.6666666666666667,0.0,0.5
0.21212121212121207,0.06597938144329896,0.6000000000000001,0.6666666666666667,0.33333333333333337,0.0,0.0,0.0,0.0,0.0,0.0,0.0,0.5
0.21212121212121207,0.08955326460481097,0.4,0.0,0.33333333333333337,1.0,0.0,1.0,0.0,1.0,0.0,0.0,1.0
0.21212121212121207,0.07539518900343642,0.6000000000000001,0.33333333333333337,0.33333333333333337,0.0,0.0,0.0,0.0,0.0,0.0,0.0,0.5
0.21212121212121207,0.1896907216494845,0.2,0.0,0.0,0.0,0.0,0.0,0.0,0.0,0.3333333333333333,0.0,1.0
0.21212121212121207,0.16151202749140892,0.6000000000000001,0.33333333333333337,0.33333333333333337,0.0,0.0,0.0,0.0,0.0,0.0,0.0,0.5
0.21212121212121207,0.04639175257731959,0.4,0.0,0.33333333333333337,0.0,0.0,0.0,0.0,0.0,0.0,0.0,0.5
0.21212121212121207,0.20274914089347074,0.4,0.33333333333333337,0.33333333333333337,1.0,0.0,0.0,0.0,1.0,0.3333333333333333,0.0,0.5
0.21212121212121207,0.1367697594501718,0.4,0.33333333333333337,0.33333333333333337,1.0,0.0,1.0,0.0,0.0,0.0,0.0,1.0
0.21212121212121207,0.28522336769759443,0.4,0.0,0.0,1.0,0.0,0.0,1.0,0.0,0.6666666666666667,0.0,0.5
0.21212121212121207,0.36769759450171813,0.4,0.0,0.0,1.0,0.0,0.0,0.0,0.0,1.0,0.0,0.0
0.21212121212121207,0.16694158075601373,0.4,0.0,0.6666666666666667,1.0,0.0,0.0,0.0,0.0,0.0,0.0,0.5
0.21212121212121207,0.12852233676975944,0.4,0.0,0.33333333333333337,1.0,0.0,0.0,0.0,0.0,0.0,1.0000000000000002,0.5
0.21212121212121207,0.03402061855670105,0.4,0.0,0.6666666666666667,1.0,0.0,0.0,0.0,0.0,0.3333333333333333,1.0000000000000002,1.0
0.21212121212121207,0.19587628865979378,0.4,0.0,0.0,1.0,0.0,1.0,0.0,0.0,0.0,0.0,0.0
0.21151515151515146,0.4536082474226803,0.4,0.0,0.0,1.0,0.0,1.0,0.0,0.0,1.0,0.0,0.5
0.21151515151515146,0.12371134020618554,0.4,0.0,0.33333333333333337,1.0,0.0,0.0,0.0,0.0,0.3333333333333333,0.0,0.5
0.20909090909090905,0.21924398625429548,0.4,0.0,0.33333333333333337,1.0,0.0,0.0,0.0,0.0,0.3333333333333333,0.0,0.5
0.20909090909090905,0.16701030927835048,0.4,0.0,0.33333333333333337,1.0,0.0,0.0,0.0,0.0,0.6666666666666667,0.0,0.5
0.20909090909090905,0.1646735395189003,0.4,0.0,0.33333333333333337,1.0,0.0,1.0,0.0,0.0,0.3333333333333333,0.0,0.5
0.206060606060606,0.20494845360824737,0.6000000000000001,0.0,0.33333333333333337,1.0,0.0,0.0,0.0,1.0,0.0,0.0,0.5
0.206060606060606,0.29793814432989685,0.4,0.0,0.0,1.0,0.0,1.0,0.0,0.0,0.0,0.0,0.5
0.20545454545454542,0.30309278350515456,0.2,0.0,0.0,1.0,0.0,1.0,0.0,0.0,0.3333333333333333,0.0,0.5
0.20333333333333328,0.134020618556701,0.4,0.0,0.0,1.0,0.0,1.0,0.0,1.0,0.0,1.0000000000000002,0.0
0.20303030303030298,0.1395189003436426,0.4,0.33333333333333337,0.33333333333333337,1.0,0.0,0.0,0.0,0.0,0.0,0.0,0.5
0.20303030303030298,0.1642611683848797,0.2,0.0,0.33333333333333337,1.0,0.0,0.0,0.0,0.0,0.3333333333333333,0.0,0.5
0.20303030303030298,0.2714776632302405,0.2,0.0,0.0,1.0,0.0,0.0,0.0,1.0,0.0,0.0,0.5
0.19999999999999996,0.29209621993127144,0.6000000000000001,0.33333333333333337,0.33333333333333337,0.0,0.0,1.0,0.0,0.0,0.3333333333333333,0.0,1.0
0.19999999999999996,0.22969072164948448,0.4,0.33333333333333337,0.33333333333333337,1.0,0.0,0.0,0.0,0.0,0.6666666666666667,0.0,1.0
0.19999999999999996,0.1848797250859106,0.4,0.0,0.0,1.0,0.0,0.0,0.0,0.0,0.0,0.0,0.5
0.19999999999999996,0.09278350515463915,0.6000000000000001,0.0,0.6666666666666667,1.0,0.0,1.0,0.0,1.0,0.6666666666666667,0.0,0.5
0.19999999999999996,0.18350515463917522,0.4,0.0,0.33333333333333337,1.0,0.0,0.0,0.0,0.0,0.6666666666666667,1.0000000000000002,0.0
0.1969696969696969,0.13608247422680408,0.4,0.33333333333333337,0.33333333333333337,1.0,0.0,0.0,1.0,0.0,0.6666666666666667,0.0,0.5
0.1969696969696969,0.12439862542955324,0.4,0.33333333333333337,0.0,1.0,0.0,1.0,0.0,1.0,0.3333333333333333,0.0,0.0
0.1969696969696969,0.2577319587628865,0.4,0.0,0.0,1.0,0.0,0.0,0.0,0.0,1.0,0.0,0.5
0.1954545454545454,0.19587628865979378,0.4,0.0,0.33333333333333337,0.0,0.0,1.0,0.0,1.0,0.0,0.0,0.5
0.1954545454545454,0.12439862542955324,0.6000000000000001,0.0,0.33333333333333337,1.0,0.0,0.0,0.0,1.0,0.0,0.0,0.5
0.1939393939393939,0.16838487972508587,0.6000000000000001,0.0,0.0,0.0,0.0,1.0,0.0,0.0,0.0,0.0,1.0
0.1939393939393939,0.33195876288659787,0.4,0.0,0.33333333333333337,0.0,0.0,0.0,0.0,1.0,0.3333333333333333,0.0,0.5
0.1939393939393939,0.19587628865979378,0.4,0.33333333333333337,0.33333333333333337,0.0,0.0,1.0,0.0,1.0,0.0,0.0,0.5
0.1939393939393939,0.1587628865979381,0.4,0.0,0.33333333333333337,1.0,0.0,0.0,0.0,0.0,0.0,0.0,0.0
0.1939393939393939,0.1649484536082474,0.2,0.0,0.33333333333333337,1.0,1.0,1.0,0.0,0.0,0.0,1.0000000000000002,1.0
0.18787878787878784,0.38556701030927826,0.4,0.33333333333333337,0.0,1.0,1.0,1.0,0.0,0.0,1.0,0.0,0.0
0.18787878787878784,0.2646048109965635,0.6000000000000001,0.0,0.33333333333333337,1.0,1.0,1.0,0.0,0.0,0.0,0.0,0.5
0.18787878787878784,0.09278350515463915,0.4,0.0,0.33333333333333337,1.0,0.0,0.0,0.0,0.0,0.0,0.0,0.5
0.18787878787878784,0.11271477663230237,0.2,0.0,0.0,1.0,0.0,0.0,1.0,0.0,0.3333333333333333,0.0,0.0
0.18787878787878784,0.14886597938144325,0.2,0.0,0.0,1.0,0.0,1.0,0.0,1.0,0.6666666666666667,0.0,0.0
0.18787878787878784,0.4419243986254294,0.4,0.0,0.0,1.0,0.0,0.0,0.0,1.0,0.6666666666666667,0.0,0.5
0.18787878787878784,0.03402061855670105,0.6000000000000001,0.33333333333333337,0.0,1.0,0.0,1.0,0.0,0.0,0.0,1.0000000000000002,1.0
0.18484848484848482,0.14639175257731957,0.2,0.0,0.33333333333333337,1.0,1.0,1.0,0.0,0.0,0.0,0.0,0.5
0.18484848484848482,0.10515463917525772,0.6000000000000001,0.33333333333333337,0.33333333333333337,1.0,0.0,0.0,0.0,0.0,0.0,0.0,0.0
0.18181818181818177,0.25085910652920956,0.8,0.33333333333333337,0.33333333333333337,1.0,0.0,0.0,0.0,0.0,0.0,0.0,0.5
0.18181818181818177,0.10515463917525772,0.2,0.33333333333333337,0.0,1.0,0.0,1.0,0.0,0.0,0.6666666666666667,0.0,0.5
0.18181818181818177,0.37814432989690716,0.4,0.0,0.33333333333333337,1.0,0.0,0.0,0.0,1.0,0.0,0.0,0.0
0.18181818181818177,0.16701030927835048,0.2,0.0,0.0,1.0,0.0,0.0,0.0,0.0,0.0,0.0,0.5
0.18181818181818177,0.15120274914089343,0.2,0.0,0.0,1.0,0.0,0.0,0.0,0.0,0.0,0.0,0.5
0.18181818181818177,0.025085910652920984,0.4,0.0,0.33333333333333337,1.0,0.0,1.0,0.0,0.0,0.0,1.0000000000000002,0.5
0.18181818181818177,0.03615120274914088,0.2,0.0,0.33333333333333337,1.0,1.0,0.0,0.0,0.0,0.0,1.0000000000000002,0.5
0.18060606060606055,0.11683848797250858,0.4,0.0,0.33333333333333337,1.0,0.0,0.0,0.0,0.0,0.0,0.0,1.0
0.17878787878787875,0.10309278350515463,0.2,0.33333333333333337,0.0,0.0,0.0,1.0,0.0,0.0,0.0,0.0,0.5
0.17575757575757572,0.21786941580756009,0.4,0.0,0.33333333333333337,1.0,0.0,0.0,0.0,0.0,0.0,0.0,0.5
0.17575757575757572,0.12164948453608244,0.2,0.0,0.33333333333333337,1.0,0.0,0.0,1.0,0.0,0.3333333333333333,0.0,0.5
0.17575757575757572,0.134020618556701,0.2,0.0,0.0,1.0,0.0,0.0,0.0,0.0,0.0,0.0,0.5
0.17575757575757572,0.2872852233676975,0.2,0.0,0.0,1.0,0.0,0.0,0.0,0.0,0.6666666666666667,0.0,1.0
0.17575757575757572,0.08288659793814432,0.4,0.0,0.6666666666666667,1.0,0.0,0.0,0.0,0.0,0.0,1.0000000000000002,0.0
0.17575757575757572,0.4639175257731958,0.2,0.0,0.0,1.0,0.0,0.0,0.0,0.0,0.3333333333333333,0.0,0.0
0.1751515151515151,0.4536082474226803,0.4,0.0,0.0,1.0,0.0,0.0,0.0,0.0,0.6666666666666667,0.0,0.0
0.1751515151515151,0.05979381443298967,0.8,0.33333333333333337,0.0,0.0,0.0,1.0,0.0,1.0,0.3333333333333333,0.0,0.0
0.1751515151515151,0.36288659793814426,0.6000000000000001,0.0,0.33333333333333337,0.0,0.0,0.0,0.0,0.0,0.3333333333333333,0.0,0.0
0.17272727272727267,0.12577319587628866,0.2,0.0,0.0,1.0,0.0,0.0,0.0,0.0,0.0,1.0000000000000002,0.5
0.16969696969696968,0.134020618556701,0.4,0.0,0.0,1.0,0.0,0.0,0.0,0.0,0.3333333333333333,0.0,1.0
0.16969696969696968,0.1642611683848797,0.2,0.0,0.0,1.0,0.0,0.0,0.0,0.0,0.0,0.0,0.5
0.16969696969696968,0.3003436426116838,0.4,0.0,0.0,1.0,0.0,0.0,0.0,0.0,0.0,0.0,0.5
0.16969696969696968,0.1649484536082474,0.2,0.0,0.0,1.0,0.0,0.0,0.0,0.0,0.0,0.0,0.0
0.16969696969696968,0.1329209621993127,0.2,0.0,0.0,1.0,0.0,0.0,1.0,0.0,0.0,0.0,0.5
0.16909090909090904,0.10103092783505152,0.4,0.0,0.33333333333333337,0.0,0.0,1.0,1.0,0.0,0.0,0.0,0.5
0.16909090909090904,0.26116838487972505,0.2,0.0,0.0,1.0,0.0,0.0,0.0,0.0,0.0,0.0,0.0
0.16666666666666663,0.13608247422680408,0.2,0.0,0.0,1.0,0.0,1.0,0.0,0.0,0.0,0.0,0.0
0.16666666666666663,0.13608247422680408,0.2,0.0,0.0,1.0,0.0,0.0,0.0,1.0,0.0,0.0,1.0
0.16666666666666663,0.27422680412371125,0.2,0.0,0.0,0.0,0.0,0.0,0.0,0.0,0.0,0.0,0.5
0.16666666666666663,0.134020618556701,0.2,0.0,0.0,1.0,0.0,0.0,0.0,0.0,0.0,0.0,0.0
0.16363636363636358,0.18075601374570444,0.2,0.0,0.0,1.0,0.0,0.0,0.0,1.0,0.6666666666666667,0.0,0.5
0.16363636363636358,0.1319587628865979,0.4,0.0,0.33333333333333337,1.0,0.0,1.0,0.0,0.0,0.0,0.0,0.5
0.16363636363636358,0.10515463917525772,0.4,0.0,0.33333333333333337,0.0,0.0,1.0,0.0,0.0,0.0,0.0,0.5
0.16363636363636358,0.09278350515463915,0.2,0.0,0.33333333333333337,1.0,0.0,0.0,0.0,1.0,0.0,0.0,0.0
0.16363636363636358,0.12852233676975944,0.2,0.33333333333333337,0.0,1.0,0.0,1.0,0.0,0.0,0.0,0.0,0.5
0.16363636363636358,0.2962199312714776,0.4,0.0,0.33333333333333337,1.0,1.0,1.0,0.0,0.0,0.0,0.0,1.0
0.16363636363636358,0.17044673539518895,0.4,0.33333333333333337,0.33333333333333337,1.0,0.0,0.0,0.0,0.0,0.6666666666666667,0.0,0.5
0.16363636363636358,0.0824742268041237,0.4,0.33333333333333337,0.33333333333333337,0.0,0.0,1.0,0.0,0.0,0.0,1.0000000000000002,1.0
0.16363636363636358,0.042955326460481086,0.4,0.0,0.6666666666666667,1.0,0.0,0.0,1.0,1.0,0.0,1.0000000000000002,0.5
0.163030303030303,0.12852233676975944,0.4,0.0,0.0,1.0,0.0,0.0,0.0,0.0,0.6666666666666667,1.0000000000000002,1.0
0.16060606060606059,0.19587628865979378,0.2,0.0,0.0,1.0,0.0,0.0,0.0,0.0,0.0,0.0,0.5
0.16060606060606059,0.16151202749140892,0.2,0.0,0.0,1.0,0.0,0.0,0.0,0.0,0.0,1.0000000000000002,0.5
0.15757575757575754,0.10309278350515463,0.4,0.0,0.33333333333333337,1.0,0.0,1.0,0.0,0.0,0.0,0.0,0.0
0.15757575757575754,0.19587628865979378,0.6000000000000001,0.33333333333333337,0.33333333333333337,1.0,0.0,1.0,0.0,0.0,0.6666666666666667,0.0,0.0
0.15757575757575754,0.19587628865979378,0.2,0.0,0.0,0.0,0.0,0.0,0.0,0.0,0.0,0.0,0.0
0.15757575757575754,0.1367697594501718,0.2,0.0,0.0,1.0,0.0,0.0,0.0,0.0,0.0,0.0,1.0
0.15454545454545449,0.15120274914089343,0.4,0.0,0.0,1.0,0.0,0.0,0.0,0.0,0.6666666666666667,0.0,1.0
0.1515151515151515,0.17800687285223366,0.4,0.0,0.33333333333333337,1.0,0.0,0.0,0.0,1.0,0.0,0.0,0.5
0.1515151515151515,0.13745704467353947,0.4,0.0,0.33333333333333337,1.0,0.0,0.0,0.0,0.0,0.0,0.0,1.0
0.1515151515151515,0.20274914089347074,0.6000000000000001,0.0,0.33333333333333337,1.0,0.0,0.0,0.0,0.0,0.0,0.0,0.5
0.1515151515151515,0.033333333333333326,0.4,0.33333333333333337,0.33333333333333337,0.0,0.0,0.0,0.0,0.0,0.0,0.0,1.0
0.1515151515151515,0.09525773195876286,0.4,0.0,0.33333333333333337,1.0,0.0,1.0,0.0,0.0,0.0,0.0,0.5
0.1515151515151515,0.16082474226804122,0.4,0.0,0.33333333333333337,1.0,0.0,0.0,0.0,0.0,0.0,0.0,0.5
0.1515151515151515,0.39683848797250854,0.4,0.0,0.0,0.0,0.0,0.0,0.0,0.0,0.0,0.0,1.0
0.1515151515151515,0.12577319587628866,0.4,0.0,0.0,0.0,0.0,0.0,0.0,1.0,0.0,0.0,1.0
0.1515151515151515,0.134020618556701,1.0,0.0,0.33333333333333337,1.0,0.0,0.0,0.0,0.0,0.3333333333333333,0.0,1.0
0.1515151515151515,0.1367697594501718,0.2,0.0,0.0,1.0,0.0,0.0,0.0,0.0,0.3333333333333333,0.0,0.5
0.1515151515151515,0.29209621993127144,0.2,0.0,0.0,1.0,0.0,0.0,0.0,0.0,0.3333333333333333,0.0,0.0
0.1515151515151515,0.10103092783505152,0.4,0.0,0.33333333333333337,1.0,0.0,0.0,0.0,0.0,0.3333333333333333,0.0,1.0
0.1515151515151515,0.3917525773195875,0.2,0.0,0.0,1.0,0.0,0.0,0.0,0.0,0.3333333333333333,0.0,0.5
0.1515151515151515,0.12797250859106526,0.2,0.0,0.0,1.0,0.0,0.0,0.0,0.0,0.3333333333333333,1.0000000000000002,1.0
0.1515151515151515,0.5395189003436425,0.4,0.0,0.33333333333333337,1.0,0.0,0.0,0.0,0.0,1.0,1.0000000000000002,1.0
0.1515151515151515,0.290721649484536,0.2,0.0,0.0,1.0,0.0,0.0,0.0,0.0,0.0,0.0,1.0
0.1515151515151515,0.7762199312714775,0.4,0.0,0.0,1.0,0.0,0.0,0.0,0.0,0.0,0.0,1.0
0.15090909090909088,0.22336769759450167,0.4,0.0,0.33333333333333337,0.0,0.0,0.0,0.0,0.0,0.0,0.0,1.0
0.14848484848484844,0.09690721649484535,0.4,0.0,0.0,1.0,0.0,0.0,0.0,0.0,0.0,0.0,1.0
0.14848484848484844,0.25223367697594495,0.2,0.0,0.0,1.0,0.0,0.0,0.0,0.0,0.3333333333333333,1.0000000000000002,1.0
0.14848484848484844,0.03402061855670105,0.4,0.0,0.6666666666666667,1.0,0.0,0.0,0.0,0.0,0.0,1.0000000000000002,0.0
0.1454545454545454,0.16151202749140892,0.2,0.0,0.0,1.0,0.0,0.0,0.0,0.0,0.0,0.0,1.0
0.1454545454545454,0.10549828178694157,0.2,0.0,0.0,1.0,0.0,0.0,0.0,0.0,0.6666666666666667,0.0,1.0
0.1454545454545454,0.15120274914089343,0.4,0.0,0.0,1.0,0.0,0.0,0.0,0.0,0.0,0.0,1.0
0.1454545454545454,0.03402061855670105,0.4,0.0,0.6666666666666667,1.0,0.0,0.0,0.0,0.0,0.0,1.0000000000000002,0.0
0.1454545454545454,0.06597938144329896,0.4,0.0,0.33333333333333337,1.0,0.0,1.0,0.0,0.0,0.0,1.0000000000000002,1.0
0.1454545454545454,0.02061855670103091,0.4,0.33333333333333337,0.33333333333333337,1.0,0.0,1.0,0.0,0.0,0.0,1.0000000000000002,1.0
0.1448484848484848,0.1642611683848797,0.2,0.0,0.0,1.0,0.0,0.0,0.0,0.0,0.0,0.0,1.0
0.1424242424242424,0.21546391752577315,0.4,0.0,0.33333333333333337,1.0,1.0,1.0,0.0,1.0,0.3333333333333333,0.0,0.0
0.1424242424242424,0.12371134020618554,0.4,0.0,0.0,1.0,0.0,1.0,0.0,0.0,0.6666666666666667,0.0,1.0
0.1424242424242424,0.1367697594501718,0.2,0.0,0.0,1.0,0.0,0.0,0.0,0.0,0.0,0.0,0.0
0.13939393939393935,0.12714776632302405,0.6000000000000001,0.0,0.33333333333333337,1.0,0.0,0.0,0.0,1.0,0.6666666666666667,0.0,1.0
0.13939393939393935,0.22749140893470784,0.6000000000000001,0.0,0.6666666666666667,0.0,0.0,0.0,0.0,0.0,0.0,0.0,0.5
0.13939393939393935,0.16975945017182126,0.2,0.0,0.33333333333333337,1.0,0.0,0.0,0.0,0.0,0.0,0.0,1.0
0.13939393939393935,0.21305841924398622,0.2,0.0,0.0,1.0,0.0,0.0,0.0,0.0,0.0,0.0,1.0
0.13939393939393935,0.14226804123711337,0.2,0.0,0.0,0.0,0.0,0.0,0.0,1.0,0.0,0.0,1.0
0.13939393939393935,0.14432989690721648,0.4,0.0,0.0,1.0,0.0,0.0,0.0,0.0,0.0,0.0,1.0
0.13939393939393935,0.09965635738831613,0.4,0.0,0.33333333333333337,0.0,0.0,1.0,0.0,0.0,0.0,0.0,0.5
0.13939393939393935,0.10549828178694157,0.2,0.0,0.0,1.0,0.0,1.0,0.0,0.0,0.6666666666666667,0.0,0.0
0.13878787878787877,0.07216494845360824,0.4,0.0,0.0,0.0,0.0,0.0,0.0,0.0,0.0,0.0,0.0
0.13696969696969694,0.03402061855670105,0.4,0.0,0.33333333333333337,1.0,0.0,1.0,0.0,0.0,0.0,1.0000000000000002,0.0
0.13636363636363633,0.1642611683848797,0.2,0.0,0.0,1.0,0.0,0.0,0.0,0.0,0.3333333333333333,0.0,1.0
0.13636363636363633,0.21477663230240546,0.6000000000000001,0.0,0.33333333333333337,1.0,0.0,0.0,0.0,0.0,0.0,0.0,1.0
0.1333333333333333,0.05841924398625428,0.2,0.0,0.0,0.0,0.0,0.0,0.0,1.0,0.0,0.0,1.0
0.1333333333333333,0.10515463917525772,0.6000000000000001,0.0,0.33333333333333337,1.0,0.0,1.0,0.0,1.0,0.0,0.0,1.0
0.1333333333333333,0.30309278350515456,0.4,0.0,0.0,1.0,1.0,1.0,0.0,0.0,0.0,0.0,0.0
0.1333333333333333,0.12577319587628866,0.6000000000000001,0.0,0.33333333333333337,0.0,0.0,0.0,0.0,0.0,0.3333333333333333,0.0,0.5
0.1333333333333333,0.1472164948453608,0.6000000000000001,0.0,0.33333333333333337,1.0,0.0,0.0,0.0,0.0,0.0,0.0,0.5
0.1333333333333333,0.1642611683848797,0.2,0.0,0.0,1.0,0.0,0.0,0.0,0.0,0.0,0.0,1.0
0.1333333333333333,0.03402061855670105,0.4,0.0,0.33333333333333337,1.0,0.0,1.0,0.0,0.0,0.0,1.0000000000000002,0.0
0.1333333333333333,0.290721649484536,0.4,0.0,0.0,1.0,0.0,0.0,0.0,0.0,0.3333333333333333,0.0,1.0
0.13030303030303028,0.19587628865979378,0.2,0.0,0.0,0.0,0.0,0.0,0.0,0.0,0.0,0.0,0.5
0.13030303030303028,0.15670103092783502,0.2,0.0,0.0,0.0,0.0,0.0,0.0,0.0,0.0,0.0,1.0
0.12848484848484845,0.1367697594501718,0.6000000000000001,0.0,0.33333333333333337,1.0,0.0,1.0,0.0,0.0,0.0,0.0,1.0
0.12727272727272723,0.1869415807560137,0.4,0.0,0.33333333333333337,1.0,0.0,0.0,0.0,0.0,0.0,0.0,1.0
0.12727272727272723,0.07106529209621992,0.2,0.0,0.0,1.0,0.0,0.0,0.0,1.0,0.3333333333333333,0.0,1.0
0.12727272727272723,0.18350515463917522,0.4,0.0,0.0,0.0,0.0,0.0,0.0,0.0,0.3333333333333333,0.0,1.0
0.12727272727272723,0.10103092783505152,0.4,0.0,0.33333333333333337,0.0,0.0,0.0,0.0,0.0,0.0,0.0,0.0
0.12121212121212119,0.12371134020618554,0.0,0.0,0.0,1.0,0.0,0.0,0.0,0.0,0.0,0.0,0.0
0.12121212121212119,0.16054982817869412,0.2,0.33333333333333337,0.0,0.0,1.0,1.0,0.0,0.0,0.3333333333333333,0.0,1.0
0.12121212121212119,0.12714776632302405,0.2,0.0,0.0,0.0,0.0,1.0,0.0,0.0,0.0,0.0,0.5
0.12121212121212119,0.16804123711340202,0.2,0.0,0.0,1.0,0.0,0.0,0.0,0.0,0.6666666666666667,0.0,0.5
0.12121212121212119,0.0,0.4,0.0,0.33333333333333337,0.0,0.0,1.0,0.0,0.0,0.0,0.0,1.0
0.12121212121212119,0.12371134020618554,0.4,0.0,0.33333333333333337,1.0,0.0,1.0,0.0,0.0,0.0,0.0,0.5
0.12121212121212119,0.3505154639175257,0.2,0.0,0.0,1.0,0.0,0.0,0.0,0.0,0.0,0.0,0.5
0.12121212121212119,0.5051546391752576,0.4,0.0,0.33333333333333337,1.0,0.0,0.0,0.0,0.0,0.6666666666666667,0.0,0.5
0.12121212121212119,0.09752577319587627,0.2,0.0,0.0,1.0,0.0,0.0,0.0,0.0,0.3333333333333333,0.0,1.0
0.12060606060606058,0.19587628865979378,0.4,0.0,0.33333333333333337,1.0,0.0,0.0,0.0,1.0,0.0,0.0,1.0
0.11939393939393939,0.2642611683848797,0.4,0.0,0.0,1.0,0.0,1.0,0.0,0.0,0.0,0.0,1.0
0.11851515151515149,0.05140893470790375,0.4,0.0,0.0,1.0,0.0,0.0,0.0,0.0,0.0,1.0000000000000002,0.5
0.11818181818181814,0.09278350515463915,0.4,0.0,0.0,0.0,0.0,0.0,0.0,1.0,0.0,0.0,1.0
0.11818181818181814,0.15120274914089343,0.4,0.0,0.33333333333333337,1.0,0.0,0.0,0.0,0.0,0.0,0.0,1.0
0.11818181818181814,0.12714776632302405,0.2,0.0,0.0,1.0,0.0,0.0,0.0,0.0,0.0,0.0,1.0
0.11575757575757573,0.4432989690721648,0.2,0.0,0.0,1.0,0.0,0.0,0.0,0.0,0.3333333333333333,0.0,1.0
0.11515151515151512,0.22749140893470784,0.2,0.0,0.0,1.0,0.0,1.0,0.0,1.0,0.0,0.0,1.0
0.11515151515151512,0.03505154639175259,0.4,0.0,0.33333333333333337,0.0,0.0,1.0,0.0,0.0,0.0,0.0,0.5
0.11515151515151512,0.09896907216494844,0.2,0.0,0.0,1.0,1.0,1.0,0.0,0.0,0.0,0.0,1.0
0.11515151515151512,0.19587628865979378,0.2,0.0,0.33333333333333337,1.0,0.0,0.0,1.0,0.0,0.3333333333333333,0.0,0.5
0.1121212121212121,0.14776632302405496,0.2,0.0,0.0,1.0,0.0,0.0,0.0,0.0,0.0,0.0,1.0
0.10909090909090904,0.09896907216494844,0.4,0.0,0.33333333333333337,0.0,0.0,0.0,0.0,0.0,0.0,0.0,0.5
0.10909090909090904,0.10927835051546389,0.4,0.0,0.33333333333333337,1.0,0.0,0.0,0.0,0.0,0.6666666666666667,0.0,0.5
0.10909090909090904,0.08144329896907215,0.2,0.0,0.0,1.0,0.0,0.0,0.0,0.0,0.0,0.0,0.5
0.10909090909090904,0.20274914089347074,0.2,0.0,0.0,1.0,0.0,0.0,0.0,0.0,0.0,0.0,0.0
0.10909090909090904,0.23546391752577314,0.4,0.0,0.0,0.0,0.0,0.0,0.0,0.0,0.0,0.0,1.0
0.10909090909090904,0.14432989690721648,0.4,0.0,0.33333333333333337,1.0,0.0,0.0,0.0,0.0,0.0,0.0,1.0
0.10909090909090904,0.13608247422680408,0.6000000000000001,0.0,0.33333333333333337,1.0,0.0,0.0,0.0,0.0,1.0,0.0,0.5
0.10848484848484846,0.43986254295532634,0.2,0.0,0.0,1.0,0.0,0.0,0.0,0.0,0.0,0.0,1.0
0.10606060606060605,0.18570446735395185,0.6000000000000001,0.0,0.33333333333333337,0.0,0.0,0.0,0.0,0.0,0.3333333333333333,0.0,1.0
0.10484848484848483,0.09278350515463915,0.2,0.0,0.33333333333333337,1.0,0.0,0.0,0.0,0.0,0.0,0.0,0.5
0.103030303030303,0.2886597938144329,0.4,0.0,0.33333333333333337,1.0,0.0,1.0,0.0,0.0,0.3333333333333333,0.0,1.0
0.103030303030303,0.22749140893470784,0.2,0.0,0.0,1.0,0.0,0.0,0.0,0.0,0.0,0.0,1.0
0.103030303030303,0.134020618556701,0.4,0.0,0.33333333333333337,0.0,0.0,0.0,0.0,0.0,0.3333333333333333,0.0,1.0
0.103030303030303,0.13814432989690717,0.6000000000000001,0.0,0.33333333333333337,0.0,0.0,0.0,0.0,0.0,0.0,0.0,1.0
0.103030303030303,0.12577319587628866,0.4,0.0,0.33333333333333337,0.0,0.0,0.0,0.0,0.0,0.3333333333333333,0.0,0.5
0.103030303030303,0.07216494845360824,0.2,0.0,0.0,0.0,0.0,0.0,0.0,0.0,0.0,0.0,0.0
0.103030303030303,0.10309278350515463,0.4,0.0,0.33333333333333337,0.0,0.0,0.0,0.0,0.0,0.0,0.0,1.0
0.103030303030303,0.34123711340206175,0.4,0.0,0.33333333333333337,1.0,0.0,0.0,0.0,0.0,0.0,0.0,0.5
0.09696969696969696,0.09553264604810996,0.2,0.0,0.0,0.0,0.0,0.0,0.0,0.0,0.0,0.0,1.0
0.09696969696969696,0.13608247422680408,0.2,0.0,0.0,1.0,0.0,0.0,0.0,0.0,0.0,0.0,1.0
0.09696969696969696,0.2989690721649484,0.2,0.0,0.0,1.0,0.0,0.0,0.0,0.0,0.0,0.0,0.5
0.09696969696969696,0.2577319587628865,0.6000000000000001,0.0,0.33333333333333337,1.0,0.0,0.0,0.0,0.0,0.0,0.0,1.0
0.09545454545454543,0.24398625429553258,0.6000000000000001,0.0,0.6666666666666667,1.0,0.0,0.0,0.0,0.0,0.0,0.0,1.0
0.09393939393939393,0.11340206185567009,0.4,0.0,0.33333333333333337,0.0,0.0,0.0,0.0,0.0,0.3333333333333333,0.0,0.5
0.09393939393939393,0.1855670103092783,0.4,0.0,0.33333333333333337,0.0,0.0,0.0,1.0,0.0,0.3333333333333333,0.0,1.0
0.09393939393939393,0.06804123711340207,0.2,0.0,0.0,0.0,0.0,0.0,0.0,0.0,0.3333333333333333,0.0,0.0
0.09090909090909088,0.06872852233676974,0.4,0.0,0.33333333333333337,1.0,0.0,1.0,0.0,0.0,0.3333333333333333,0.0,1.0
0.09090909090909088,0.1587628865979381,0.4,0.0,0.0,1.0,0.0,0.0,0.0,0.0,0.0,0.0,0.0
0.08484848484848484,0.35395189003436417,0.2,0.0,0.0,1.0,0.0,0.0,0.0,0.0,0.0,0.0,1.0
0.08484848484848484,0.16151202749140892,0.4,0.0,0.33333333333333337,1.0,0.0,0.0,0.0,0.0,0.3333333333333333,0.0,1.0
0.08181818181818179,0.16151202749140892,0.2,0.0,0.0,1.0,0.0,0.0,0.0,0.0,0.0,0.0,1.0
0.07878787878787877,0.1569759450171821,0.2,0.0,0.0,1.0,0.0,0.0,0.0,0.0,0.0,0.0,1.0
0.07878787878787877,0.02405498281786944,0.2,0.0,0.33333333333333337,1.0,0.0,0.0,0.0,0.0,0.0,0.0,0.5
0.07878787878787877,0.13608247422680408,0.4,0.6666666666666667,0.33333333333333337,0.0,1.0,0.0,0.0,0.0,0.0,0.0,1.0
0.07878787878787877,0.07903780068728519,0.4,0.0,0.0,1.0,0.0,0.0,0.0,0.0,0.0,0.0,1.0
0.07878787878787877,0.053608247422680416,0.4,0.0,0.0,0.0,0.0,0.0,0.0,0.0,0.0,0.0,1.0
0.07878787878787877,0.12577319587628866,0.2,0.0,0.0,1.0,0.0,0.0,0.0,0.0,0.3333333333333333,0.0,0.5
0.07878787878787877,0.16151202749140892,0.4,0.0,0.0,1.0,0.0,0.0,0.0,0.0,0.0,0.0,0.5
0.07818181818181819,0.10549828178694157,0.2,0.0,0.0,1.0,0.0,0.0,0.0,1.0,0.0,0.0,1.0
0.07818181818181819,0.16151202749140892,0.4,0.0,0.33333333333333337,1.0,0.0,0.0,0.0,1.0,0.0,0.0,1.0
0.07393939393939392,0.0865979381443299,0.2,0.0,0.0,0.0,0.0,0.0,0.0,0.0,0.0,0.0,1.0
0.0727272727272727,0.134020618556701,0.2,0.0,0.0,1.0,0.0,0.0,0.0,0.0,0.0,0.0,1.0
0.0727272727272727,0.1890034364261168,0.2,0.0,0.0,1.0,0.0,0.0,0.0,0.0,0.0,0.0,1.0
0.0727272727272727,0.134020618556701,0.2,0.33333333333333337,0.33333333333333337,1.0,0.0,1.0,0.0,0.0,0.3333333333333333,0.0,0.0
0.06666666666666665,0.08453608247422678,0.4,0.0,0.0,0.0,0.0,0.0,0.0,0.0,0.0,0.0,1.0
0.06666666666666665,0.10515463917525772,0.4,0.0,0.0,0.0,0.0,0.0,0.0,0.0,0.0,0.0,1.0
0.06666666666666665,0.09278350515463915,0.2,0.0,0.33333333333333337,1.0,0.0,0.0,0.0,0.0,0.0,0.0,0.0
0.0636363636363636,0.1890034364261168,0.4,0.0,0.33333333333333337,1.0,0.0,0.0,0.0,0.0,0.0,0.0,1.0
0.0636363636363636,0.09278350515463915,0.4,0.0,0.33333333333333337,0.0,0.0,0.0,0.0,0.0,0.0,0.0,0.5
0.06060606060606058,0.1072164948453608,0.4,0.0,0.33333333333333337,1.0,0.0,1.0,0.0,0.0,0.0,0.0,1.0
0.06060606060606058,0.10927835051546389,0.2,0.0,0.0,0.0,1.0,0.0,0.0,0.0,0.3333333333333333,0.0,1.0
0.06060606060606058,0.09278350515463915,0.2,0.0,0.0,1.0,0.0,0.0,0.0,0.0,0.3333333333333333,0.0,1.0
0.06060606060606058,0.12714776632302405,0.2,0.0,0.0,1.0,1.0,0.0,0.0,0.0,0.0,0.0,1.0
0.06060606060606058,0.21924398625429548,0.2,0.0,0.33333333333333337,1.0,0.0,0.0,0.0,0.0,0.0,0.0,1.0
0.06060606060606058,0.41580756013745696,0.2,0.0,0.0,1.0,0.0,0.0,0.0,0.0,0.0,0.0,1.0
0.05696969696969695,0.13642611683848796,0.2,0.0,0.0,0.0,0.0,0.0,0.0,0.0,0.0,0.0,1.0
0.054545454545454536,0.05670103092783507,0.4,0.0,0.33333333333333337,1.0,0.0,0.0,0.0,0.0,0.0,0.0,0.0
0.054545454545454536,0.0781443298969072,0.6000000000000001,0.33333333333333337,0.33333333333333337,1.0,0.0,0.0,0.0,0.0,0.0,0.0,0.0
0.054545454545454536,0.11092783505154638,0.2,0.0,0.0,1.0,0.0,0.0,0.0,0.0,0.0,0.0,1.0
0.051515151515151514,0.1367697594501718,0.2,0.0,0.0,1.0,0.0,0.0,0.0,0.0,0.0,0.0,1.0
0.04848484848484849,0.10515463917525772,0.2,0.0,0.0,1.0,0.0,0.0,0.0,0.0,0.0,0.0,1.0
0.04545454545454544,0.012783505154639163,0.2,0.0,0.0,0.0,0.0,1.0,0.0,0.0,0.0,0.0,0.5
0.04545454545454544,0.1594501718213058,0.0,0.0,0.0,0.0,0.0,0.0,0.0,0.0,0.0,0.0,1.0
0.04545454545454544,0.1594501718213058,0.4,0.0,0.33333333333333337,1.0,0.0,1.0,0.0,0.0,0.0,0.0,1.0
0.04242424242424242,0.02061855670103091,0.4,0.0,0.0,0.0,0.0,0.0,1.0,0.0,0.0,0.0,1.0
0.04181818181818181,0.25085910652920956,0.4,0.0,0.0,0.0,0.0,0.0,0.0,1.0,0.0,1.0000000000000002,1.0
0.033333333333333326,0.09278350515463915,0.2,0.0,0.0,0.0,0.0,0.0,0.0,0.0,0.0,0.0,1.0
0.030303030303030304,0.05154639175257733,0.4,0.0,0.33333333333333337,1.0,0.0,0.0,0.0,0.0,0.0,0.0,1.0
0.030303030303030304,0.09278350515463915,0.6000000000000001,0.0,0.33333333333333337,1.0,0.0,0.0,0.0,0.0,0.0,0.0,1.0
0.030303030303030304,0.11752577319587627,0.2,0.0,0.0,1.0,0.0,0.0,0.0,0.0,0.3333333333333333,0.0,1.0
0.01818181818181816,0.12164948453608244,0.8,0.0,0.33333333333333337,0.0,0.0,0.0,0.0,0.0,0.0,0.0,1.0
0.012121212121212144,0.0034364261168385035,0.4,0.0,0.33333333333333337,1.0,0.0,0.0,0.0,0.0,0.0,0.0,1.0
0.012121212121212144,0.13738831615120273,0.2,0.0,0.0,1.0,0.0,0.0,0.0,0.0,0.0,0.0,1.0
0.009090909090909094,0.09209621993127146,0.2,0.0,0.0,0.0,0.0,0.0,0.0,0.0,0.3333333333333333,0.0,1.0
0.006060606060606044,0.09278350515463915,0.2,0.0,0.0,1.0,0.0,1.0,0.0,0.0,0.6666666666666667,0.0,1.0
0.0014848484848484778,0.05154639175257733,0.4,0.0,0.0,0.0,0.0,0.0,0.0,0.0,0.0,0.0,0.5
0.0,0.1353951890034364,0.2,0.0,0.0,1.0,0.0,0.0,0.0,0.0,0.0,0.0,1.0
0.0,0.0865979381443299,0.4,0.0,0.0,0.0,0.0,0.0,0.0,0.0,0.0,0.0,0.0
0.0,0.15120274914089343,0.4,0.0,0.33333333333333337,1.0,0.0,0.0,0.0,0.0,0.0,0.0,1.0
